id,dt
89,2017-12-20T18:08:02Z
90,2017-12-20T18:33:13Z
91,2017-12-20T19:39:00Z
92,2017-12-20T20:05:00Z
93,2017-12-20T20:21:23Z
94,2017-12-20T20:43:53Z
95,2017-12-20T21:26:42Z
96,2017-12-20T21:32:55Z
97,2017-12-20T21:41:29Z
98,2017-12-20T21:50:33Z
99,2017-12-20T21:56:11Z
100,2017-12-20T22:05:29Z
101,2017-12-20T22:22:36Z
102,2017-12-20T22:27:23Z
103,2017-12-20T22:30:01Z
104,2017-12-20T22:46:17Z
105,2017-12-20T22:50:40Z
106,2017-12-20T23:04:09Z
107,2017-12-20T23:12:07Z
108,2017-12-20T23:18:19Z
109,2017-12-20T23:36:10Z
110,2017-12-21T00:36:09Z
111,2017-12-21T00:54:42Z
112,2017-12-21T00:58:22Z
113,2017-12-21T18:42:12Z
114,2017-12-21T18:46:21Z
115,2017-12-21T19:01:25Z
116,2017-12-21T19:09:21Z
117,2017-12-21T21:59:28Z
118,2017-12-21T22:14:09Z
119,2017-12-21T22:26:23Z
120,2017-12-21T23:52:43Z
121,2017-12-22T00:04:21Z
122,2017-12-22T00:11:01Z
123,2017-12-22T00:23:10Z
124,2017-12-22T00:42:46Z
125,2017-12-22T00:47:22Z
126,2017-12-22T00:55:15Z
